LivingRoom.json
LivingRoom.Drinks.Alcoholic.Absinthe,Uncommon,Rare,VeryRare,VeryRare
LivingRoom.Drinks.Alcoholic.Beers.Beer,Uncommon,Rare,VeryRare,Uncommon,Rare
LivingRoom.Drinks.Alcoholic.Coctails.Scum_Sunrise,Uncommon,Rare,VeryRare,VeryRare,VeryRare
LivingRoom.Drinks.Alcoholic.Hip_Flask,Uncommon,Rare,VeryRare,VeryRare
LivingRoom.Drinks.Alcoholic.Kicmovaca,Uncommon,Rare,VeryRare,Rare
LivingRoom.Drinks.Alcoholic.Tequila,Uncommon,Rare,VeryRare,Rare
LivingRoom.Drinks.Alcoholic.Vodka,Uncommon,Rare,VeryRare,Rare
LivingRoom.Drinks.Alcoholic.Whiskey,Uncommon,Rare,VeryRare,Rare
LivingRoom.Drinks.Alcoholic.Wine,Uncommon,Rare,VeryRare,Rare
LivingRoom.Drinks.NonAlcoholic.Cream,Uncommon,Rare,Rare,VeryRare
LivingRoom.Drinks.NonAlcoholic.Juice.GlassBottle01,Uncommon,Rare,Rare,Rare,Rare
LivingRoom.Drinks.NonAlcoholic.Milk,Uncommon,Rare,Rare,VeryRare
LivingRoom.Drinks.NonAlcoholic.Soda.Can01,Uncommon,Rare,Rare,Rare,Rare
LivingRoom.Drinks.NonAlcoholic.Soda.PETBottle01,Uncommon,Rare,Rare,Rare,VeryRare
LivingRoom.Drinks.NonAlcoholic.Water_05l,Uncommon,Rare,Rare,Uncommon
LivingRoom.Food.Cans.BakedBeans,Uncommon,Rare,VeryRare,Rare
LivingRoom.Food.Cans.BeefRavioli,Uncommon,Rare,VeryRare,Rare
LivingRoom.Food.Cans.BeefStew,Uncommon,Rare,VeryRare,Rare
LivingRoom.Food.Cans.BlackOlives,Uncommon,Rare,VeryRare,Rare
LivingRoom.Food.Cans.Canned_Corn,Uncommon,Rare,VeryRare,Rare
LivingRoom.Food.Cans.Canned_Tuna,Uncommon,Rare,VeryRare,Uncommon
LivingRoom.Food.Cans.CannedFruitCoctail,Uncommon,Rare,VeryRare,VeryRare
LivingRoom.Food.Cans.CannedGoulash,Uncommon,Rare,VeryRare,VeryRare
LivingRoom.Food.Cans.CannedPeach,Uncommon,Rare,VeryRare,VeryRare
LivingRoom.Food.Cans.CannedPear,Uncommon,Rare,VeryRare,VeryRare
LivingRoom.Food.Cans.CannedPeas,Uncommon,Rare,VeryRare,Rare
LivingRoom.Food.Cans.CannedSardine,Uncommon,Rare,VeryRare,Uncommon
LivingRoom.Food.Cans.CannedSpaghetti,Uncommon,Rare,VeryRare,Rare
LivingRoom.Food.Cans.Chow_Mein,Uncommon,Rare,VeryRare,Rare
LivingRoom.Food.Cans.GuavaHalves,Uncommon,Rare,VeryRare,Uncommon
LivingRoom.Food.Cans.MRE_Cheeseburger,Uncommon,Rare,VeryRare,Rare
LivingRoom.Food.Cans.Spon,Uncommon,Rare,VeryRare,Rare
LivingRoom.Food.Cans.TomatoPelate,Uncommon,Rare,VeryRare,Rare
LivingRoom.Food.Cans.TomatoSouce,Uncommon,Rare,VeryRare,Rare
LivingRoom.Food.Fruit.Apple,Uncommon,Rare,Rare,Uncommon
LivingRoom.Food.Fruit.Apple_2,Uncommon,Rare,Rare,Uncommon
LivingRoom.Food.Fruit.Banana,Uncommon,Rare,Rare,Rare
LivingRoom.Food.Fruit.Blueberries,Uncommon,Rare,Rare,Rare
LivingRoom.Food.Fruit.CantaloupeMelon,Uncommon,Rare,Rare,VeryRare
LivingRoom.Food.Fruit.Coconut,Uncommon,Rare,Rare,VeryRare
LivingRoom.Food.Fruit.GrapeFruit,Uncommon,Rare,Rare,VeryRare
LivingRoom.Food.Fruit.Kiwi,Uncommon,Rare,Rare,VeryRare
LivingRoom.Food.Fruit.Lemon,Uncommon,Rare,Rare,VeryRare
LivingRoom.Food.Fruit.Lime,Uncommon,Rare,Rare,VeryRare
LivingRoom.Food.Fruit.Mango,Uncommon,Rare,Rare,VeryRare
LivingRoom.Food.Fruit.Olives,Uncommon,Rare,Rare,VeryRare
LivingRoom.Food.Fruit.Orange,Uncommon,Rare,Rare,VeryRare
LivingRoom.Food.Fruit.Peach,Uncommon,Rare,Rare,Rare
LivingRoom.Food.Fruit.Pear,Uncommon,Rare,Rare,Rare
LivingRoom.Food.Fruit.Pineapple,Uncommon,Rare,Rare,VeryRare
LivingRoom.Food.Fruit.Tangerine,Uncommon,Rare,Rare,VeryRare
LivingRoom.Food.Fruit.Watermelon,Uncommon,Rare,Rare,VeryRare
LivingRoom.Food.Snacks.Candy.Candy_Bob,Uncommon,Rare,Uncommon,Rare,ExtremelyRare
LivingRoom.Food.Snacks.Cereal.Cereal_BunnyStars,Uncommon,Rare,Uncommon,Rare,Rare
LivingRoom.Food.Snacks.Cereal.Corn_flakes,Uncommon,Rare,Uncommon,Rare,Rare
LivingRoom.Food.Snacks.Cereal.Instant_OatMeal,Uncommon,Rare,Uncommon,Rare,Rare
LivingRoom.Food.Snacks.Chips.Chips,Uncommon,Rare,Uncommon,Rare,Rare
LivingRoom.Food.Snacks.Chips.MeatSnack_01,Uncommon,Rare,Uncommon,Rare,Rare
LivingRoom.Food.Snacks.Chocolate.ChocolateCandy_01,Uncommon,Rare,Uncommon,Rare,Uncommon
LivingRoom.Food.Snacks.Chocolate.ChocolateCandy_08,Uncommon,Rare,Uncommon,Rare,Rare
LivingRoom.Food.Snacks.NutsAndBerries.Barberry,Uncommon,Rare,Uncommon,Rare,VeryRare
LivingRoom.Food.Snacks.NutsAndBerries.Blackberry,Uncommon,Rare,Uncommon,Rare,VeryRare
LivingRoom.Food.Snacks.NutsAndBerries.Blueberries,Uncommon,Rare,Uncommon,Rare,VeryRare
LivingRoom.Food.Snacks.NutsAndBerries.Currant,Uncommon,Rare,Uncommon,Rare,Rare
LivingRoom.Food.Snacks.NutsAndBerries.Grapes_Raw,Uncommon,Rare,Uncommon,Rare,VeryRare
LivingRoom.Food.Snacks.NutsAndBerries.Hazelnuts,Uncommon,Rare,Uncommon,Rare,Rare
LivingRoom.Food.Snacks.NutsAndBerries.Mulberry,Uncommon,Rare,Uncommon,Rare,VeryRare
LivingRoom.Food.Snacks.NutsAndBerries.Oak_Nuts,Uncommon,Rare,Uncommon,Rare,VeryRare
LivingRoom.Food.Snacks.NutsAndBerries.Walnut,Uncommon,Rare,Uncommon,Rare,Rare
LivingRoom.Food.Snacks.NutsAndBerries.Wild_Strawberry,Uncommon,Rare,Uncommon,Rare,VeryRare
LivingRoom.Food.Snacks.Pastries.Crackers,Uncommon,Rare,Uncommon,Rare,Rare
LivingRoom.Food.Snacks.Pastries.Toaster_Pastries,Uncommon,Rare,Uncommon,Rare,Rare
LivingRoom.Food.Veggies.Beet,Uncommon,Rare,VeryRare,VeryRare
LivingRoom.Food.Veggies.Bell_Pepper,Uncommon,Rare,VeryRare,VeryRare
LivingRoom.Food.Veggies.Broccoli,Uncommon,Rare,VeryRare,VeryRare
LivingRoom.Food.Veggies.Cabbage,Uncommon,Rare,VeryRare,VeryRare
LivingRoom.Food.Veggies.Carrot,Uncommon,Rare,VeryRare,Rare
LivingRoom.Food.Veggies.Cauliflower,Uncommon,Rare,VeryRare,VeryRare
LivingRoom.Food.Veggies.Celery,Uncommon,Rare,VeryRare,Rare
LivingRoom.Food.Veggies.Chilipeper,Uncommon,Rare,VeryRare,Rare
LivingRoom.Food.Veggies.Corn,Uncommon,Rare,VeryRare,Rare
LivingRoom.Food.Veggies.Cucumber,Uncommon,Rare,VeryRare,Rare
LivingRoom.Food.Veggies.Garlic,Uncommon,Rare,VeryRare,Uncommon
LivingRoom.Food.Veggies.Lettuce,Uncommon,Rare,VeryRare,Rare
LivingRoom.Food.Veggies.Onion,Uncommon,Rare,VeryRare,Uncommon
LivingRoom.Food.Veggies.Parsley,Uncommon,Rare,VeryRare,Uncommon
LivingRoom.Food.Veggies.Potato,Uncommon,Rare,VeryRare,Rare
LivingRoom.Food.Veggies.Pumpkin,Uncommon,Rare,VeryRare,VeryRare
LivingRoom.Food.Veggies.Spinach,Uncommon,Rare,VeryRare,Rare
LivingRoom.Food.Veggies.SugarBeet,Uncommon,Rare,VeryRare,VeryRare
LivingRoom.Food.Veggies.Tomato,Uncommon,Rare,VeryRare,Rare
LivingRoom.Food.Veggies.Zucchini,Uncommon,Rare,VeryRare,VeryRare
LivingRoom.Items.Clothes.Feet.HighHeels.HH_Boots_01,Uncommon,Abundant,Abundant,Rare,Rare,VeryRare
LivingRoom.Items.Clothes.Feet.HighHeels.HH_Shoes_01_01,Uncommon,Abundant,Abundant,Rare,Rare,Rare
LivingRoom.Items.Clothes.Feet.Shoes.HikingBoots.Hiking_Boots_01,Uncommon,Abundant,Abundant,Rare,Uncommon,VeryRare,Rare
LivingRoom.Items.Clothes.Feet.Shoes.HikingBoots.Hiking_Boots_04,Uncommon,Abundant,Abundant,Rare,Uncommon,VeryRare,VeryRare
LivingRoom.Items.Clothes.Feet.Shoes.KiltShoes.Kilt_Brogue_Shoe_01,Uncommon,Abundant,Abundant,Rare,Uncommon,VeryRare,Rare
LivingRoom.Items.Clothes.Feet.Shoes.LeatherShoes.Leather_Shoes,Uncommon,Abundant,Abundant,Rare,Uncommon,Uncommon,Rare
LivingRoom.Items.Clothes.Feet.Shoes.Military.CombatBoots,Uncommon,Abundant,Abundant,Rare,Uncommon,ExtremelyRare,VeryRare
LivingRoom.Items.Clothes.Feet.Shoes.Military.MilitaryBoots_JNA,Uncommon,Abundant,Abundant,Rare,Uncommon,ExtremelyRare,ExtremelyRare
LivingRoom.Items.Clothes.Feet.Shoes.Military.MilitaryBoots_Peace,Uncommon,Abundant,Abundant,Rare,Uncommon,ExtremelyRare,VeryRare
LivingRoom.Items.Clothes.Feet.Shoes.MotorcycleBoots.Motorcycle_Boots_01,Uncommon,Abundant,Abundant,Rare,Uncommon,Rare,VeryRare
LivingRoom.Items.Clothes.Feet.Shoes.RH_Shoe_01,Uncommon,Abundant,Abundant,Rare,Uncommon,ExtremelyRare
LivingRoom.Items.Clothes.Feet.Shoes.Sneakers.HighTop_Shoes,Uncommon,Abundant,Abundant,Rare,Uncommon,Abundant,Uncommon
LivingRoom.Items.Clothes.Feet.Shoes.Sneakers.Sneakers_02_01,Uncommon,Abundant,Abundant,Rare,Uncommon,Abundant,Uncommon
LivingRoom.Items.Clothes.Feet.Slippers.Slippers_01,Uncommon,Abundant,Abundant,Rare,Common,Rare
LivingRoom.Items.Clothes.Feet.Slippers.Slippers_03,Uncommon,Abundant,Abundant,Rare,Common,Rare
LivingRoom.Items.Clothes.Feet.Socks.Socks_02,Uncommon,Abundant,Abundant,Rare,Uncommon,Uncommon
LivingRoom.Items.Clothes.Hands.ConstructionGloves.Construction_Gloves_01_01,Uncommon,Abundant,Abundant,VeryRare,ExtremelyRare,Rare
LivingRoom.Items.Clothes.Hands.DrivingGloves.Driving_Gloves_01_01,Uncommon,Abundant,Abundant,VeryRare,Abundant,Rare
LivingRoom.Items.Clothes.Hands.Medical_Glove_01,Uncommon,Abundant,Abundant,VeryRare,ExtremelyRare
LivingRoom.Items.Clothes.Hands.RH_Arm_Guard,Uncommon,Abundant,Abundant,VeryRare,ExtremelyRare
LivingRoom.Items.Clothes.Hands.RubberGloves.Electrician_Glove_01_01,Uncommon,Abundant,Abundant,VeryRare,ExtremelyRare,Rare
LivingRoom.Items.Clothes.Hands.WoolGloves.Wool_Gloves_01_01,Uncommon,Abundant,Abundant,VeryRare,Abundant,VeryRare
LivingRoom.Items.Clothes.Head.Caps.Baseball_Cap_11,Uncommon,Abundant,Abundant,Rare,Uncommon,Uncommon
LivingRoom.Items.Clothes.Head.Caps.Baseball_Cap_12,Uncommon,Abundant,Abundant,Rare,Uncommon,Uncommon
LivingRoom.Items.Clothes.Head.Caps.Baseball_Cap_13,Uncommon,Abundant,Abundant,Rare,Uncommon,VeryRare
LivingRoom.Items.Clothes.Head.Caps.Baseball_Cap_01,Uncommon,Abundant,Abundant,Rare,Uncommon,Rare
LivingRoom.Items.Clothes.Head.Ear_Plugs,Uncommon,Abundant,Abundant,Rare,Rare
LivingRoom.Items.Clothes.Head.Goggles.Geek_Goggels,Uncommon,Abundant,Abundant,Rare,Rare,Rare
LivingRoom.Items.Clothes.Head.Goggles.Motorcycle_Glasses_01,Uncommon,Abundant,Abundant,Rare,Rare,Rare
LivingRoom.Items.Clothes.Head.Goggles.Party_Glasses_01,Uncommon,Abundant,Abundant,Rare,Rare,Rare
LivingRoom.Items.Clothes.Head.Goggles.Pilot_Glasses,Uncommon,Abundant,Abundant,Rare,Rare,Rare
LivingRoom.Items.Clothes.Head.Goggles.Pirate_EyePatch,Uncommon,Abundant,Abundant,Rare,Rare,VeryRare
LivingRoom.Items.Clothes.Head.Goggles.Round_Sunglasses,Uncommon,Abundant,Abundant,Rare,Rare,Rare
LivingRoom.Items.Clothes.Head.Hats.Beenie_01,Uncommon,Abundant,Abundant,Rare,Uncommon,Uncommon
LivingRoom.Items.Clothes.Head.Hats.RK_Beanie_01,Uncommon,Abundant,Abundant,Rare,Uncommon,ExtremelyRare
LivingRoom.Items.Clothes.Head.Masks.Halloween_Anonymous_Mask_01,Uncommon,Abundant,Abundant,Rare,VeryRare,Uncommon
LivingRoom.Items.Clothes.Head.Masks.Motorcycle_Mask_01,Uncommon,Abundant,Abundant,Rare,VeryRare,Uncommon
LivingRoom.Items.Clothes.Head.Masks.Tyrone_Shoelacez_Mask,Uncommon,Abundant,Abundant,Rare,VeryRare,VeryRare
LivingRoom.Items.Clothes.Legs.HippiePants.Hippie_Pants_01,Uncommon,Abundant,Abundant,Rare,Rare,Rare
LivingRoom.Items.Clothes.Legs.Pants.Jeans_01_01,Uncommon,Abundant,Abundant,Rare,Rare,Rare
LivingRoom.Items.Clothes.Legs.Pants.Jeans_02_01_V2,Uncommon,Abundant,Abundant,Rare,Rare,Rare
LivingRoom.Items.Clothes.Legs.Pants.Pajama_Pants,Uncommon,Abundant,Abundant,Rare,Rare,Rare
LivingRoom.Items.Clothes.Legs.Pants.Suite_Pants_01,Uncommon,Abundant,Abundant,Rare,Rare,Rare
LivingRoom.Items.Clothes.Legs.Shorts.Sexy_Jeans_Shorts_01,Uncommon,Abundant,Abundant,Rare,VeryRare,Rare
LivingRoom.Items.Clothes.Legs.Shorts.Shorts_Pants_01_01,Uncommon,Abundant,Abundant,Rare,VeryRare,Rare
LivingRoom.Items.Clothes.Legs.Skirts.Skirt_01_01,Uncommon,Abundant,Abundant,Rare,Rare,Rare
LivingRoom.Items.Clothes.Legs.SweatPants.Tracksuit_Pants_01_01,Uncommon,Abundant,Abundant,Rare,Rare,Rare
LivingRoom.Items.Clothes.Legs.Tights.Tights_01_01,Uncommon,Abundant,Abundant,Rare,Rare,Rare
LivingRoom.Items.Clothes.Torso.Jackets.Leather_Jacket,Uncommon,Abundant,Abundant,Rare,VeryRare,Common
LivingRoom.Items.Clothes.Torso.Jackets.Trucker_Jacket_01,Uncommon,Abundant,Abundant,Rare,VeryRare,Common
LivingRoom.Items.Clothes.Torso.Jackets.Work_Jacket_01,Uncommon,Abundant,Abundant,Rare,VeryRare,Rare
LivingRoom.Items.Clothes.Torso.Shirts.Classic_Shirt_01,Uncommon,Abundant,Abundant,Rare,Common,Uncommon
LivingRoom.Items.Clothes.Torso.Shirts.Negan_Jacket,Uncommon,Abundant,Abundant,Rare,Common,VeryRare
LivingRoom.Items.Clothes.Torso.Shirts.Sleeveless_Shirt_01,Uncommon,Abundant,Abundant,Rare,Common,Uncommon
LivingRoom.Items.Clothes.Torso.Shirts.Woodcuters_Shirt_01,Uncommon,Abundant,Abundant,Rare,Common,Common
LivingRoom.Items.Melee.1H_Beam_Dildo,Uncommon,Abundant,ExtremelyRare,VeryRare
LivingRoom.Items.Melee.1H_Dildo,Uncommon,Abundant,ExtremelyRare,VeryRare
LivingRoom.Items.Melee.1H_Medieval_Sword,Uncommon,Abundant,ExtremelyRare,ExtremelyRare
LivingRoom.Items.Melee.2H_Baseball_Bat,Uncommon,Abundant,ExtremelyRare,Abundant
LivingRoom.Items.Melee.2H_Baseball_Bat_Blaze,Uncommon,Abundant,ExtremelyRare,Uncommon
LivingRoom.Items.Melee.2H_Katana,Uncommon,Abundant,ExtremelyRare,ExtremelyRare
LivingRoom.Items.Melee.2H_Katana1,Uncommon,Abundant,ExtremelyRare,ExtremelyRare
LivingRoom.Items.Melee.2H_Metal_Baseball_Bat,Uncommon,Abundant,ExtremelyRare,Rare
LivingRoom.Items.Melee.Crutch,Uncommon,Abundant,ExtremelyRare,VeryRare
LivingRoom.Items.Misc.Battery.Batteries,Uncommon,Abundant,Abundant,Rare,Rare
LivingRoom.Items.Misc.Battery.Smartphone_Battery,Uncommon,Abundant,Abundant,Rare,Rare
LivingRoom.Items.Misc.Bedroll,Uncommon,Abundant,Abundant,VeryRare
LivingRoom.Items.Misc.Book_Cooking_BBQ,Uncommon,Abundant,Abundant,VeryRare
LivingRoom.Items.Misc.CD_Player,Uncommon,Abundant,Abundant,Rare
LivingRoom.Items.Misc.Cigarettes.Cigarettes,Uncommon,Abundant,Abundant,Rare,Rare
LivingRoom.Items.Misc.Cigarettes.Cuban_Cigar,Uncommon,Abundant,Abundant,Rare,Rare
LivingRoom.Items.Misc.Devices.BoomBox_01,Uncommon,Abundant,Abundant,Rare,VeryRare
LivingRoom.Items.Misc.Devices.Mobile_Phone,Uncommon,Abundant,Abundant,Rare,Rare
LivingRoom.Items.Misc.Devices.Radio,Uncommon,Abundant,Abundant,Rare,VeryRare
LivingRoom.Items.Misc.Diary,Uncommon,Abundant,Abundant,Rare
LivingRoom.Items.Misc.Duct_Tape,Uncommon,Abundant,Abundant,Rare
LivingRoom.Items.Misc.Fabric.EmptyBag,Uncommon,Abundant,Abundant,Uncommon,Rare
LivingRoom.Items.Misc.Fabric.Rag_Stripes,Uncommon,Abundant,Abundant,Uncommon,Uncommon
LivingRoom.Items.Misc.Fabric.Rags,Uncommon,Abundant,Abundant,Uncommon,Rare
LivingRoom.Items.Misc.Lighter,Uncommon,Abundant,Abundant,Rare
LivingRoom.Items.Misc.Lockpicks.Bobby_Pin_Pacage,Uncommon,Abundant,Abundant,Rare,Uncommon
LivingRoom.Items.Misc.Lockpicks.Lockpick_Advanced_Item,Uncommon,Abundant,Abundant,Rare,VeryRare
LivingRoom.Items.Misc.Lockpicks.Lockpick_Item,Uncommon,Abundant,Abundant,Rare,Rare
LivingRoom.Items.Misc.Lockpicks.Safety_pin,Uncommon,Abundant,Abundant,Rare,Uncommon
LivingRoom.Items.Misc.Locks.Padlock,Uncommon,Abundant,Abundant,Rare,Abundant
LivingRoom.Items.Misc.Magnifying_Glass1,Uncommon,Abundant,Abundant,VeryRare
LivingRoom.Items.Misc.Matches,Uncommon,Abundant,Abundant,Rare
LivingRoom.Items.Misc.Needle,Uncommon,Abundant,Abundant,VeryRare
LivingRoom.Items.Misc.Paper,Uncommon,Abundant,Abundant,Rare
LivingRoom.Items.Misc.Pen,Uncommon,Abundant,Abundant,Rare
LivingRoom.Items.Misc.Screwdrivers.Screwdriver,Uncommon,Abundant,Abundant,VeryRare,ExtremelyRare
LivingRoom.Items.Misc.Screwdrivers.Screwdriver_Small,Uncommon,Abundant,Abundant,VeryRare,Rare
LivingRoom.Items.Misc.Thread,Uncommon,Abundant,Abundant,Uncommon
LivingRoom.Items.Misc.WineCork,Uncommon,Abundant,Abundant,Rare
LivingRoom.Other.ammo.12Gauge.BigStash.12_Gauge_Birdshot,Uncommon,VeryRare,Rare,Common,Rare,ExtremelyRare
LivingRoom.Other.ammo.12Gauge.BigStash.12_Gauge_Buckshot,Uncommon,VeryRare,Rare,Common,Rare,Rare
LivingRoom.Other.ammo.12Gauge.BigStash.12_Gauge_Slug,Uncommon,VeryRare,Rare,Common,Rare,VeryRare
LivingRoom.Other.ammo.12Gauge.Boxed.12_Gauge_Birdshot_Ammobox,Uncommon,VeryRare,Rare,Common,VeryRare,ExtremelyRare
LivingRoom.Other.ammo.12Gauge.Boxed.12_Gauge_Buckshot_Ammobox,Uncommon,VeryRare,Rare,Common,VeryRare,Rare
LivingRoom.Other.ammo.12Gauge.Boxed.12_Gauge_Slug_Ammobox,Uncommon,VeryRare,Rare,Common,VeryRare,VeryRare
LivingRoom.Other.ammo.12Gauge.SmallStash.12_Gauge_Birdshot,Uncommon,VeryRare,Rare,Common,Common,ExtremelyRare
LivingRoom.Other.ammo.12Gauge.SmallStash.12_Gauge_Buckshot,Uncommon,VeryRare,Rare,Common,Common,Rare
LivingRoom.Other.ammo.12Gauge.SmallStash.12_Gauge_Slug,Uncommon,VeryRare,Rare,Common,Common,VeryRare
LivingRoom.Other.ammo.Regular.BigStash.Cal_22,Uncommon,VeryRare,Rare,Common,Uncommon,Abundant
LivingRoom.Other.ammo.Regular.BigStash.Cal_45,Uncommon,VeryRare,Rare,Common,Uncommon,Uncommon
LivingRoom.Other.ammo.Regular.BigStash.Cal_357_Viper,Uncommon,VeryRare,Rare,Common,Uncommon,Uncommon
LivingRoom.Other.ammo.Regular.BigStash.Cal_9mm,Uncommon,VeryRare,Rare,Common,Uncommon,Common
LivingRoom.Other.ammo.Regular.BigStash.FlareCartridge,Uncommon,VeryRare,Rare,Common,Uncommon,Rare
LivingRoom.Other.ammo.Regular.Boxed.Cal_22_Ammobox,Uncommon,VeryRare,Rare,Common,Rare,Abundant
LivingRoom.Other.ammo.Regular.Boxed.Cal_357_Ammobox,Uncommon,VeryRare,Rare,Common,Rare,Uncommon
LivingRoom.Other.ammo.Regular.Boxed.Cal_45_Ammobox,Uncommon,VeryRare,Rare,Common,Rare,Common
LivingRoom.Other.ammo.Regular.Boxed.Cal_9mm_Ammobox,Uncommon,VeryRare,Rare,Common,Rare,Common
LivingRoom.Other.ammo.Regular.SmallStash.Cal_22,Uncommon,VeryRare,Rare,Common,Common,Abundant
LivingRoom.Other.ammo.Regular.SmallStash.Cal_45,Uncommon,VeryRare,Rare,Common,Common,Uncommon
LivingRoom.Other.ammo.Regular.SmallStash.Cal_357_Viper,Uncommon,VeryRare,Rare,Common,Common,Uncommon
LivingRoom.Other.ammo.Regular.SmallStash.Cal_9mm,Uncommon,VeryRare,Rare,Common,Common,Common
LivingRoom.Other.ammo.Regular.SmallStash.FlareCartridge,Uncommon,VeryRare,Rare,Common,Common,Rare
LivingRoom.Other.Backpacks.Hiking.Hiking_Backpack_01_01,Uncommon,VeryRare,Uncommon,ExtremelyRare,Rare
LivingRoom.Other.Backpacks.Hiking.Hiking_Backpack_Tyrone,Uncommon,VeryRare,Uncommon,ExtremelyRare,ExtremelyRare
LivingRoom.Other.Backpacks.Holsters.Belt_Pistol_Holster,Uncommon,VeryRare,Uncommon,VeryRare,Rare
LivingRoom.Other.Backpacks.Holsters.Knife_Sheath,Uncommon,VeryRare,Uncommon,VeryRare,Rare
LivingRoom.Other.Backpacks.Military_Quiver_01,Uncommon,VeryRare,Uncommon,ExtremelyRare
LivingRoom.Other.Backpacks.Plain.Backpack_02_01,Uncommon,VeryRare,Uncommon,Rare,Uncommon
LivingRoom.Other.Backpacks.Plain.TC_Backpack,Uncommon,VeryRare,Uncommon,Rare,VeryRare
LivingRoom.Other.Backpacks.School.Leather_Backpack_01,Uncommon,VeryRare,Uncommon,Uncommon,Uncommon
LivingRoom.Other.Backpacks.School.School_Backpack_01,Uncommon,VeryRare,Uncommon,Uncommon,Uncommon
LivingRoom.Other.Backpacks.WaistBags.Scottish_Sporran_Bag_01,Uncommon,VeryRare,Uncommon,Rare,Rare
LivingRoom.Other.Backpacks.WaistBags.Waist_Bag_Small_01,Uncommon,VeryRare,Uncommon,Rare,Rare
LivingRoom.Other.Money.Cash,Uncommon,VeryRare,ExtremelyRare,VeryRare
LivingRoom.Other.Weapons.Handguns.Weapon_Block21,Uncommon,VeryRare,VeryRare,VeryRare,VeryRare
LivingRoom.Other.Weapons.Handguns.Weapon_Judge44,Uncommon,VeryRare,VeryRare,VeryRare,VeryRare
LivingRoom.Other.Weapons.Handguns.Weapon_Krueger,Uncommon,VeryRare,VeryRare,VeryRare,Abundant
LivingRoom.Other.Weapons.Handguns.Weapon_M1911,Uncommon,VeryRare,VeryRare,VeryRare,Rare
LivingRoom.Other.Weapons.Handguns.Weapon_M9,Uncommon,VeryRare,VeryRare,VeryRare,Rare
LivingRoom.Other.Weapons.Handguns.Weapon_M9_Silver,Uncommon,VeryRare,VeryRare,VeryRare,Rare
LivingRoom.Other.Weapons.Handguns.Weapon_PeaceKeeper38,Uncommon,VeryRare,VeryRare,VeryRare,Uncommon
LivingRoom.Other.Weapons.Handguns.Weapon_Serpent357,Uncommon,VeryRare,VeryRare,VeryRare,Rare
LivingRoom.Other.Weapons.Handguns.Weapon_Viper_M357,Uncommon,VeryRare,VeryRare,VeryRare,Rare
LivingRoom.Other.Weapons.Magazines.Handguns.Magazine_Block21,Uncommon,VeryRare,VeryRare,Common,Abundant,Uncommon
LivingRoom.Other.Weapons.Magazines.Handguns.Magazine_DEagle_50,Uncommon,VeryRare,VeryRare,Common,Abundant,ExtremelyRare
LivingRoom.Other.Weapons.Magazines.Handguns.Magazine_DEagle_357,Uncommon,VeryRare,VeryRare,Common,Abundant,ExtremelyRare
LivingRoom.Other.Weapons.Magazines.Handguns.Magazine_Krueger,Uncommon,VeryRare,VeryRare,Common,Abundant,Abundant
LivingRoom.Other.Weapons.Magazines.Handguns.Magazine_M1911,Uncommon,VeryRare,VeryRare,Common,Abundant,Rare
LivingRoom.Other.Weapons.Magazines.Handguns.Magazine_M9,Uncommon,VeryRare,VeryRare,Common,Abundant,Rare
LivingRoom.Other.Weapons.Magazines.Rifles.M1_Clip,Uncommon,VeryRare,VeryRare,Common,VeryRare,Rare
