Office.json
Office.Drinks.Alcoholic.Absinthe,Uncommon,Uncommon,VeryRare,VeryRare
Office.Drinks.Alcoholic.Hip_Flask,Uncommon,Uncommon,VeryRare,VeryRare
Office.Drinks.Alcoholic.Kicmovaca,Uncommon,Uncommon,VeryRare,VeryRare
Office.Drinks.Alcoholic.Tequila,Uncommon,Uncommon,VeryRare,Rare
Office.Drinks.Alcoholic.Vodka,Uncommon,Uncommon,VeryRare,Rare
Office.Drinks.Alcoholic.Whiskey,Uncommon,Uncommon,VeryRare,Rare
Office.Drinks.Alcoholic.Wine,Uncommon,Uncommon,VeryRare,Rare
Office.Drinks.NonAlcoholic.Can01,Uncommon,Uncommon,Rare,Uncommon
Office.Drinks.NonAlcoholic.PETBottle01,Uncommon,Uncommon,Rare,VeryRare
Office.Drinks.NonAlcoholic.Water_05l,Uncommon,Uncommon,Rare,Uncommon
Office.Food.Snacks.Candy.Candy_Bob,Uncommon,Uncommon,Uncommon,Rare,ExtremelyRare
Office.Food.Snacks.Cereal.Cereal_BunnyStars,Uncommon,Uncommon,Uncommon,Rare,Rare
Office.Food.Snacks.Cereal.Corn_flakes,Uncommon,Uncommon,Uncommon,Rare,Rare
Office.Food.Snacks.Cereal.Instant_OatMeal,Uncommon,Uncommon,Uncommon,Rare,Rare
Office.Food.Snacks.Chips.Chips,Uncommon,Uncommon,Uncommon,Rare,Rare
Office.Food.Snacks.Chips.MeatSnack_01,Uncommon,Uncommon,Uncommon,Rare,Rare
Office.Food.Snacks.Chocolate.ChocolateCandy_01,Uncommon,Uncommon,Uncommon,Rare,Uncommon
Office.Food.Snacks.Chocolate.ChocolateCandy_08,Uncommon,Uncommon,Uncommon,Rare,Rare
Office.Food.Snacks.NutsAndBerries.Barberry,Uncommon,Uncommon,Uncommon,Rare,VeryRare
Office.Food.Snacks.NutsAndBerries.Blackberry,Uncommon,Uncommon,Uncommon,Rare,VeryRare
Office.Food.Snacks.NutsAndBerries.Blueberries,Uncommon,Uncommon,Uncommon,Rare,VeryRare
Office.Food.Snacks.NutsAndBerries.Currant,Uncommon,Uncommon,Uncommon,Rare,Rare
Office.Food.Snacks.NutsAndBerries.Grapes_Raw,Uncommon,Uncommon,Uncommon,Rare,VeryRare
Office.Food.Snacks.NutsAndBerries.Hazelnuts,Uncommon,Uncommon,Uncommon,Rare,Rare
Office.Food.Snacks.NutsAndBerries.Mulberry,Uncommon,Uncommon,Uncommon,Rare,VeryRare
Office.Food.Snacks.NutsAndBerries.Oak_Nuts,Uncommon,Uncommon,Uncommon,Rare,VeryRare
Office.Food.Snacks.NutsAndBerries.Walnut,Uncommon,Uncommon,Uncommon,Rare,Rare
Office.Food.Snacks.NutsAndBerries.Wild_Strawberry,Uncommon,Uncommon,Uncommon,Rare,VeryRare
Office.Food.Snacks.Pastries.Crackers,Uncommon,Uncommon,Uncommon,Rare,Rare
Office.Food.Snacks.Pastries.Toaster_Pastries,Uncommon,Uncommon,Uncommon,Rare,Rare
Office.Items.Clothes.Feet.Shoes.LeatherShoes.Leather_Shoes,Uncommon,Abundant,VeryRare,Uncommon,VeryRare,Uncommon,Rare
Office.Items.Clothes.Feet.Shoes.LeatherShoes.RH_Shoe_01,Uncommon,Abundant,VeryRare,Uncommon,VeryRare,Uncommon,VeryRare
Office.Items.Clothes.Feet.Shoes.Sneakers.HighTop_Shoes,Uncommon,Abundant,VeryRare,Uncommon,VeryRare,Rare,Uncommon
Office.Items.Clothes.Feet.Shoes.Sneakers.Sneakers_02_01,Uncommon,Abundant,VeryRare,Uncommon,VeryRare,Rare,Uncommon
Office.Items.Clothes.Feet.Slippers.Slippers_01,Uncommon,Abundant,VeryRare,Uncommon,Rare,Rare
Office.Items.Clothes.Feet.Slippers.Slippers_03,Uncommon,Abundant,VeryRare,Uncommon,Rare,Rare
Office.Items.Clothes.Hands.DrivingGloves.Driving_Gloves_01_01,Uncommon,Abundant,VeryRare,VeryRare,Rare,Rare
Office.Items.Clothes.Hands.Medical_Glove_01,Uncommon,Abundant,VeryRare,VeryRare,VeryRare
Office.Items.Clothes.Hands.WoolGloves.Wool_Gloves_01_01,Uncommon,Abundant,VeryRare,VeryRare,Rare,Rare
Office.Items.Clothes.Head.Caps.Baseball_Cap_13,Uncommon,Abundant,VeryRare,VeryRare,Uncommon,VeryRare
Office.Items.Clothes.Head.Caps.Baseball_Cap_01,Uncommon,Abundant,VeryRare,VeryRare,Uncommon,Rare
Office.Items.Clothes.Head.Ear_Plugs,Uncommon,Abundant,VeryRare,VeryRare,Rare
Office.Items.Clothes.Head.Goggles.Geek_Goggels,Uncommon,Abundant,VeryRare,VeryRare,Rare,Rare
Office.Items.Clothes.Head.Goggles.Pilot_Glasses,Uncommon,Abundant,VeryRare,VeryRare,Rare,Rare
Office.Items.Clothes.Head.Goggles.Round_Sunglasses,Uncommon,Abundant,VeryRare,VeryRare,Rare,Rare
Office.Items.Clothes.Head.Goggles.Safety_Goggles,Uncommon,Abundant,VeryRare,VeryRare,Rare,Rare
Office.Items.Clothes.Head.Hats.Boonie_Hat_01,Uncommon,Abundant,VeryRare,VeryRare,Uncommon,Rare
Office.Items.Clothes.Legs.Pants.Jeans_01_01,Uncommon,Abundant,VeryRare,Rare,VeryRare,Rare
Office.Items.Clothes.Legs.Pants.Jeans_02_01_V2,Uncommon,Abundant,VeryRare,Rare,VeryRare,Rare
Office.Items.Clothes.Legs.Pants.Suite_Pants_01,Uncommon,Abundant,VeryRare,Rare,VeryRare,Rare
Office.Items.Clothes.Torso.Hoodies.Hoodie_01,Uncommon,Abundant,VeryRare,Rare,VeryRare,Rare
Office.Items.Clothes.Torso.Hoodies.RK_Hoodie_01,Uncommon,Abundant,VeryRare,Rare,VeryRare,VeryRare
Office.Items.Clothes.Torso.Shirts.Jersey_01,Uncommon,Abundant,VeryRare,Rare,Rare,Rare
Office.Items.Clothes.Torso.Shirts.Shirt_01,Uncommon,Abundant,VeryRare,Rare,Rare,Uncommon
Office.Items.Melee.1H_Brass_knuckles,Uncommon,Abundant,ExtremelyRare,Rare
Office.Items.Melee.1H_Bushman,Uncommon,Abundant,ExtremelyRare,VeryRare
Office.Items.Melee.1H_Crowbar,Uncommon,Abundant,ExtremelyRare,VeryRare
Office.Items.Melee.1H_Hunter,Uncommon,Abundant,ExtremelyRare,Rare
Office.Items.Melee.1H_Kunai,Uncommon,Abundant,ExtremelyRare,Rare
Office.Items.Melee.1H_MK5000_Black,Uncommon,Abundant,ExtremelyRare,Rare
Office.Items.Melee.1H_Scout_Black,Uncommon,Abundant,ExtremelyRare,Rare
Office.Items.Melee.1H_Shuriken,Uncommon,Abundant,ExtremelyRare,Rare
Office.Items.Misc.Battery.Batteries,Uncommon,Abundant,Uncommon,Rare,Rare
Office.Items.Misc.Battery.Smartphone_Battery,Uncommon,Abundant,Uncommon,Rare,Rare
Office.Items.Misc.Cigarettes.Cigarettes,Uncommon,Abundant,Uncommon,Rare,Rare
Office.Items.Misc.Cigarettes.Cuban_Cigar,Uncommon,Abundant,Uncommon,Rare,VeryRare
Office.Items.Misc.Devices.BoomBox_01,Uncommon,Abundant,Uncommon,Rare,VeryRare
Office.Items.Misc.Devices.Mobile_Phone,Uncommon,Abundant,Uncommon,Rare,Rare
Office.Items.Misc.Devices.Radio,Uncommon,Abundant,Uncommon,Rare,VeryRare
Office.Items.Misc.Diary,Uncommon,Abundant,Uncommon,Rare
Office.Items.Misc.Duct_Tape,Uncommon,Abundant,Uncommon,Uncommon
Office.Items.Misc.Fabric.EmptyBag,Uncommon,Abundant,Uncommon,Uncommon,Rare
Office.Items.Misc.Fabric.Rag_Stripes,Uncommon,Abundant,Uncommon,Uncommon,Uncommon
Office.Items.Misc.Fabric.Rags,Uncommon,Abundant,Uncommon,Uncommon,Rare
Office.Items.Misc.Glue.Glue,Uncommon,Abundant,Uncommon,Rare,Uncommon
Office.Items.Misc.Lighter,Uncommon,Abundant,Uncommon,Rare
Office.Items.Misc.Lockpicks.Bobby_Pin_Pacage,Uncommon,Abundant,Uncommon,Common,Abundant
Office.Items.Misc.Lockpicks.Lockpick_Advanced_Item,Uncommon,Abundant,Uncommon,Common,VeryRare
Office.Items.Misc.Lockpicks.Lockpick_Item,Uncommon,Abundant,Uncommon,Common,Rare
Office.Items.Misc.Lockpicks.Safety_pin,Uncommon,Abundant,Uncommon,Common,Abundant
Office.Items.Misc.Locks.Lock_Item_Advanced,Uncommon,Abundant,Uncommon,Common,ExtremelyRare
Office.Items.Misc.Locks.Lock_Item_Basic,Uncommon,Abundant,Uncommon,Common,Rare
Office.Items.Misc.Locks.Lock_Items_Medium,Uncommon,Abundant,Uncommon,Common,VeryRare
Office.Items.Misc.Locks.Padlock,Uncommon,Abundant,Uncommon,Common,Abundant
Office.Items.Misc.Magnifying_Glass1,Uncommon,Abundant,Uncommon,VeryRare
Office.Items.Misc.Matches,Uncommon,Abundant,Uncommon,Rare
Office.Items.Misc.Needle,Uncommon,Abundant,Uncommon,VeryRare
Office.Items.Misc.Paper,Uncommon,Abundant,Uncommon,Uncommon
Office.Items.Misc.Pen,Uncommon,Abundant,Uncommon,Uncommon
Office.Items.Misc.Screwdrivers.Screwdriver,Uncommon,Abundant,Uncommon,VeryRare,ExtremelyRare
Office.Items.Misc.Screwdrivers.Screwdriver_Small,Uncommon,Abundant,Uncommon,VeryRare,Rare
Office.Other.Backpacks.Plain.Backpack_02_01,Uncommon,ExtremelyRare,Rare,Rare,Uncommon
Office.Other.Backpacks.Plain.TC_Backpack,Uncommon,ExtremelyRare,Rare,Rare,VeryRare
Office.Other.Backpacks.WaistBags.Scottish_Sporran_Bag_01,Uncommon,ExtremelyRare,Rare,Rare,Rare
Office.Other.Backpacks.WaistBags.Waist_Bag_Small_01,Uncommon,ExtremelyRare,Rare,Rare,Rare
Office.Other.Money.Cash,Uncommon,ExtremelyRare,ExtremelyRare,Rare
Office.Other.Weapons.ammo.Regular.BigStash.Cal_22,Uncommon,ExtremelyRare,ExtremelyRare,Common,Common,Uncommon,Abundant
Office.Other.Weapons.ammo.Regular.BigStash.Cal_45,Uncommon,ExtremelyRare,ExtremelyRare,Common,Common,Uncommon,Common
Office.Other.Weapons.ammo.Regular.BigStash.Cal_357_Viper,Uncommon,ExtremelyRare,ExtremelyRare,Common,Common,Uncommon,Uncommon
Office.Other.Weapons.ammo.Regular.BigStash.Cal_50_AE,Uncommon,ExtremelyRare,ExtremelyRare,Common,Common,Uncommon,VeryRare
Office.Other.Weapons.ammo.Regular.BigStash.Cal_9mm,Uncommon,ExtremelyRare,ExtremelyRare,Common,Common,Uncommon,Uncommon
Office.Other.Weapons.ammo.Regular.Boxed.Cal_22_Ammobox,Uncommon,ExtremelyRare,ExtremelyRare,Common,Common,VeryRare,Abundant
Office.Other.Weapons.ammo.Regular.Boxed.Cal_357_Ammobox,Uncommon,ExtremelyRare,ExtremelyRare,Common,Common,VeryRare,Uncommon
Office.Other.Weapons.ammo.Regular.Boxed.Cal_45_Ammobox,Uncommon,ExtremelyRare,ExtremelyRare,Common,Common,VeryRare,Common
Office.Other.Weapons.ammo.Regular.Boxed.Cal_50_AE_Ammobox,Uncommon,ExtremelyRare,ExtremelyRare,Common,Common,VeryRare,Uncommon
Office.Other.Weapons.ammo.Regular.Boxed.Cal_9mm_Ammobox,Uncommon,ExtremelyRare,ExtremelyRare,Common,Common,VeryRare,Common
Office.Other.Weapons.ammo.Regular.SmallStash.Cal_22,Uncommon,ExtremelyRare,ExtremelyRare,Common,Common,Abundant,Abundant
Office.Other.Weapons.ammo.Regular.SmallStash.Cal_45,Uncommon,ExtremelyRare,ExtremelyRare,Common,Common,Abundant,Common
Office.Other.Weapons.ammo.Regular.SmallStash.Cal_357_Viper,Uncommon,ExtremelyRare,ExtremelyRare,Common,Common,Abundant,Uncommon
Office.Other.Weapons.ammo.Regular.SmallStash.Cal_50_AE,Uncommon,ExtremelyRare,ExtremelyRare,Common,Common,Abundant,Rare
Office.Other.Weapons.ammo.Regular.SmallStash.Cal_9mm,Uncommon,ExtremelyRare,ExtremelyRare,Common,Common,Abundant,Common
Office.Other.Weapons.Handguns.Weapon_Block21,Uncommon,ExtremelyRare,ExtremelyRare,VeryRare,Rare
Office.Other.Weapons.Handguns.Weapon_Krueger,Uncommon,ExtremelyRare,ExtremelyRare,VeryRare,Abundant
Office.Other.Weapons.Handguns.Weapon_M1911,Uncommon,ExtremelyRare,ExtremelyRare,VeryRare,Rare
Office.Other.Weapons.Handguns.Weapon_M9,Uncommon,ExtremelyRare,ExtremelyRare,VeryRare,Rare
Office.Other.Weapons.Handguns.Weapon_M9_Silver,Uncommon,ExtremelyRare,ExtremelyRare,VeryRare,Rare
Office.Other.Weapons.Magazines.Magazine_Block21,Uncommon,ExtremelyRare,ExtremelyRare,Common,Uncommon
Office.Other.Weapons.Magazines.Magazine_M1911,Uncommon,ExtremelyRare,ExtremelyRare,Common,Uncommon
Office.Other.Weapons.Magazines.Magazine_M9,Uncommon,ExtremelyRare,ExtremelyRare,Common,Uncommon
